"profile","task","commits","required_configuration","required_slots","tools","effect_verifiers","states","confirmation","channels","languages","gaps","execution_evidence"
"automotriz/alquiler","ask_question","false","business_identity | pipeline | faq_content | vehicle_inventory","question:text:customer","search_faqs | search_knowledge_base","","answered > not_found > handed_off","none","whatsapp | instagram | messenger | telegram | web_widget","es | en | pt | fr","profile_execution_evidence_missing","not_run"
"automotriz/alquiler","schedule_test_drive","true","business_identity | pipeline | faq_content | vehicle_inventory","vehicle_id:reference:tool | starts_at:datetime:customer | customer_name:text:customer","search_vehicles | get_vehicle_details | schedule_test_drive","","collecting > confirming > scheduled > handed_off","explicit","whatsapp | instagram | messenger | telegram | web_widget","es | en | pt | fr","effect_verifier_missing | positive_task_case_missing | profile_execution_evidence_missing","not_run"
"automotriz/alquiler","rent_vehicle","true","business_identity | pipeline | faq_content | vehicle_inventory","pickup_at:datetime:customer | return_at:datetime:customer | driver_name:text:customer | customer_name:text:customer","check_vehicle_rental_availability | create_vehicle_rental","resource_rentals:resource_rentals.contact_id","collecting > confirming > pending_review > reserved > rejected > handed_off","explicit","whatsapp | instagram | messenger | telegram | web_widget","es | en | pt | fr","positive_task_case_missing | profile_execution_evidence_missing","not_run"
"automotriz/concesionario","ask_question","false","business_identity | pipeline | faq_content | appointment_services | vehicle_inventory","question:text:customer","search_faqs | search_knowledge_base","","answered > not_found > handed_off","none","whatsapp | instagram | messenger | telegram | web_widget","es | en | pt | fr","profile_execution_evidence_missing","not_run"
"automotriz/concesionario","book_appointment","true","business_identity | pipeline | faq_content | appointment_services | vehicle_inventory","service_id:reference:tool | starts_at:datetime:customer | customer_name:text:customer","list_services | check_availability | create_appointment","appointments:appointments.contact_id","collecting > confirming > booked > handed_off","explicit","whatsapp | instagram | messenger | telegram | web_widget","es | en | pt | fr","profile_execution_evidence_missing","not_run"
"automotriz/concesionario","cancel_appointment","true","business_identity | pipeline | faq_content | appointment_services | vehicle_inventory","appointment_id:reference:tool","list_customer_appointments | cancel_appointment | get_appointment_details","appointments:appointments.contact_id","identifying > confirming > cancelled > handed_off","explicit","whatsapp | instagram | messenger | telegram | web_widget","es | en | pt | fr","profile_execution_evidence_missing","not_run"
"automotriz/concesionario","schedule_test_drive","true","business_identity | pipeline | faq_content | appointment_services | vehicle_inventory","vehicle_id:reference:tool | starts_at:datetime:customer | customer_name:text:customer","search_vehicles | get_vehicle_details | schedule_test_drive","","collecting > confirming > scheduled > handed_off","explicit","whatsapp | instagram | messenger | telegram | web_widget","es | en | pt | fr","effect_verifier_missing | positive_task_case_missing | profile_execution_evidence_missing","not_run"
"automotriz/repuestos","ask_question","false","business_identity | pipeline | faq_content | catalog_items","question:text:customer","search_faqs | search_knowledge_base","","answered > not_found > handed_off","none","whatsapp | instagram | messenger | telegram | web_widget","es | en | pt | fr","profile_execution_evidence_missing","not_run"
"automotriz/repuestos","browse_catalog","false","business_identity | pipeline | faq_content | catalog_items","","search_products | get_product | check_stock","","listed > empty > handed_off","none","whatsapp | instagram | messenger | telegram | web_widget","es | en | pt | fr","profile_execution_evidence_missing","not_run"
"automotriz/repuestos","place_catalog_order","true","business_identity | pipeline | faq_content | catalog_items","items:reference:customer | customer_name:text:customer","get_product | check_stock | place_catalog_order | search_products","catalog_orders:orders.contact_id","collecting > confirming > ordered > handed_off","explicit","whatsapp | instagram | messenger | telegram | web_widget","es | en | pt | fr","positive_task_case_missing | profile_execution_evidence_missing","not_run"
"automotriz/taller","ask_question","false","business_identity | pipeline | faq_content | appointment_services","question:text:customer","search_faqs | search_knowledge_base","","answered > not_found > handed_off","none","whatsapp | instagram | messenger | telegram | web_widget","es | en | pt | fr","profile_execution_evidence_missing","not_run"
"automotriz/taller","book_appointment","true","business_identity | pipeline | faq_content | appointment_services","service_id:reference:tool | starts_at:datetime:customer | customer_name:text:customer","list_services | check_availability | create_appointment","appointments:appointments.contact_id","collecting > confirming > booked > handed_off","explicit","whatsapp | instagram | messenger | telegram | web_widget","es | en | pt | fr","profile_execution_evidence_missing","not_run"
"automotriz/taller","cancel_appointment","true","business_identity | pipeline | faq_content | appointment_services","appointment_id:reference:tool","list_customer_appointments | cancel_appointment | get_appointment_details","appointments:appointments.contact_id","identifying > confirming > cancelled > handed_off","explicit","whatsapp | instagram | messenger | telegram | web_widget","es | en | pt | fr","profile_execution_evidence_missing","not_run"
"automotriz/taller","open_repair_order","true","business_identity | pipeline | faq_content | appointment_services","vehicle_identity:text:customer | customer_concern:text:customer | customer_name:text:customer","create_repair_order","repair_orders:repair_orders.contact_id","collecting > confirming > intake > handed_off","explicit","whatsapp | instagram | messenger | telegram | web_widget","es | en | pt | fr","positive_task_case_missing | profile_execution_evidence_missing","not_run"
"automotriz/taller","track_repair_order","false","business_identity | pipeline | faq_content | appointment_services","","list_my_repair_orders | get_repair_order","","listed > answered > not_found > handed_off","none","whatsapp | instagram | messenger | telegram | web_widget","es | en | pt | fr","profile_execution_evidence_missing","not_run"
"automotriz/taller","approve_repair_estimate","true","business_identity | pipeline | faq_content | appointment_services","repair_order_id:reference:tool | estimate_decision:boolean:customer","get_repair_order | approve_repair | list_my_repair_orders","repair_orders:repair_orders.contact_id","reading_estimate > confirming > approved > rejected > handed_off","explicit","whatsapp | instagram | messenger | telegram | web_widget","es | en | pt | fr","positive_task_case_missing | profile_execution_evidence_missing","not_run"
"automotriz/taller","cancel_repair_order","true","business_identity | pipeline | faq_content | appointment_services","repair_order_id:reference:tool","get_repair_order | cancel_repair_order | list_my_repair_orders","repair_orders:repair_orders.contact_id","reading_order > confirming > cancelled > not_allowed > handed_off","explicit","whatsapp | instagram | messenger | telegram | web_widget","es | en | pt | fr","positive_task_case_missing | profile_execution_evidence_missing","not_run"
"construccion/contratista_general","ask_question","false","business_identity | pipeline | faq_content","question:text:customer","search_faqs | search_knowledge_base","","answered > not_found > handed_off","none","whatsapp | instagram | messenger | telegram | web_widget","es | en | pt | fr","profile_execution_evidence_missing","not_run"
"education/capacitacion","ask_question","false","business_identity | pipeline | faq_content | appointment_services | courses","question:text:customer","search_faqs | search_knowledge_base","","answered > not_found > handed_off","none","whatsapp | instagram | messenger | telegram | web_widget","es | en | pt | fr","profile_execution_evidence_missing","not_run"
"education/capacitacion","book_appointment","true","business_identity | pipeline | faq_content | appointment_services | courses","service_id:reference:tool | starts_at:datetime:customer | customer_name:text:customer","list_services | check_availability | create_appointment","appointments:appointments.contact_id","collecting > confirming > booked > handed_off","explicit","whatsapp | instagram | messenger | telegram | web_widget","es | en | pt | fr","profile_execution_evidence_missing","not_run"
"education/capacitacion","cancel_appointment","true","business_identity | pipeline | faq_content | appointment_services | courses","appointment_id:reference:tool","list_customer_appointments | cancel_appointment | get_appointment_details","appointments:appointments.contact_id","identifying > confirming > cancelled > handed_off","explicit","whatsapp | instagram | messenger | telegram | web_widget","es | en | pt | fr","profile_execution_evidence_missing","not_run"
"education/capacitacion","enrol_student","true","business_identity | pipeline | faq_content | appointment_services | courses","course_id:reference:tool | student_name:text:customer | customer_name:text:customer","get_courses | get_course_schedule | enroll_student","enrollments:enrollments.contact_id","collecting > confirming > enrolled > handed_off","explicit","whatsapp | instagram | messenger | telegram | web_widget","es | en | pt | fr","profile_execution_evidence_missing","not_run"
"education/idiomas","ask_question","false","business_identity | pipeline | faq_content | appointment_services | courses","question:text:customer","search_faqs | search_knowledge_base","","answered > not_found > handed_off","none","whatsapp | instagram | messenger | telegram | web_widget","es | en | pt | fr","profile_execution_evidence_missing","not_run"
"education/idiomas","book_appointment","true","business_identity | pipeline | faq_content | appointment_services | courses","service_id:reference:tool | starts_at:datetime:customer | customer_name:text:customer","list_services | check_availability | create_appointment","appointments:appointments.contact_id","collecting > confirming > booked > handed_off","explicit","whatsapp | instagram | messenger | telegram | web_widget","es | en | pt | fr","profile_execution_evidence_missing","not_run"
"education/idiomas","cancel_appointment","true","business_identity | pipeline | faq_content | appointment_services | courses","appointment_id:reference:tool","list_customer_appointments | cancel_appointment | get_appointment_details","appointments:appointments.contact_id","identifying > confirming > cancelled > handed_off","explicit","whatsapp | instagram | messenger | telegram | web_widget","es | en | pt | fr","profile_execution_evidence_missing","not_run"
"education/idiomas","enrol_student","true","business_identity | pipeline | faq_content | appointment_services | courses","course_id:reference:tool | student_name:text:customer | customer_name:text:customer","get_courses | get_course_schedule | enroll_student","enrollments:enrollments.contact_id","collecting > confirming > enrolled > handed_off","explicit","whatsapp | instagram | messenger | telegram | web_widget","es | en | pt | fr","profile_execution_evidence_missing","not_run"
"education/online","ask_question","false","business_identity | pipeline | faq_content | appointment_services | courses","question:text:customer","search_faqs | search_knowledge_base","","answered > not_found > handed_off","none","whatsapp | instagram | messenger | telegram | web_widget","es | en | pt | fr","profile_execution_evidence_missing","not_run"
"education/online","book_appointment","true","business_identity | pipeline | faq_content | appointment_services | courses","service_id:reference:tool | starts_at:datetime:customer | customer_name:text:customer","list_services | check_availability | create_appointment","appointments:appointments.contact_id","collecting > confirming > booked > handed_off","explicit","whatsapp | instagram | messenger | telegram | web_widget","es | en | pt | fr","profile_execution_evidence_missing","not_run"
"education/online","cancel_appointment","true","business_identity | pipeline | faq_content | appointment_services | courses","appointment_id:reference:tool","list_customer_appointments | cancel_appointment | get_appointment_details","appointments:appointments.contact_id","identifying > confirming > cancelled > handed_off","explicit","whatsapp | instagram | messenger | telegram | web_widget","es | en | pt | fr","profile_execution_evidence_missing","not_run"
"education/online","enrol_student","true","business_identity | pipeline | faq_content | appointment_services | courses","course_id:reference:tool | student_name:text:customer | customer_name:text:customer","get_courses | get_course_schedule | enroll_student","enrollments:enrollments.contact_id","collecting > confirming > enrolled > handed_off","explicit","whatsapp | instagram | messenger | telegram | web_widget","es | en | pt | fr","profile_execution_evidence_missing","not_run"
"education/universitaria","ask_question","false","business_identity | pipeline | faq_content | appointment_services | courses","question:text:customer","search_faqs | search_knowledge_base","","answered > not_found > handed_off","none","whatsapp | instagram | messenger | telegram | web_widget","es | en | pt | fr","profile_execution_evidence_missing","not_run"
"education/universitaria","book_appointment","true","business_identity | pipeline | faq_content | appointment_services | courses","service_id:reference:tool | starts_at:datetime:customer | customer_name:text:customer","list_services | check_availability | create_appointment","appointments:appointments.contact_id","collecting > confirming > booked > handed_off","explicit","whatsapp | instagram | messenger | telegram | web_widget","es | en | pt | fr","profile_execution_evidence_missing","not_run"
"education/universitaria","cancel_appointment","true","business_identity | pipeline | faq_content | appointment_services | courses","appointment_id:reference:tool","list_customer_appointments | cancel_appointment | get_appointment_details","appointments:appointments.contact_id","identifying > confirming > cancelled > handed_off","explicit","whatsapp | instagram | messenger | telegram | web_widget","es | en | pt | fr","profile_execution_evidence_missing","not_run"
"education/universitaria","enrol_student","true","business_identity | pipeline | faq_content | appointment_services | courses","course_id:reference:tool | student_name:text:customer | customer_name:text:customer","get_courses | get_course_schedule | enroll_student","enrollments:enrollments.contact_id","collecting > confirming > enrolled > handed_off","explicit","whatsapp | instagram | messenger | telegram | web_widget","es | en | pt | fr","profile_execution_evidence_missing","not_run"
"event_planning/weddings","ask_question","false","business_identity | pipeline | faq_content","question:text:customer","search_faqs | search_knowledge_base","","answered > not_found > handed_off","none","whatsapp | instagram | messenger | telegram | web_widget","es | en | pt | fr","profile_execution_evidence_missing","not_run"
"finanzas/asesoria","ask_question","false","business_identity | pipeline | faq_content | appointment_services","question:text:customer","search_faqs | search_knowledge_base","","answered > not_found > handed_off","none","whatsapp | instagram | messenger | telegram | web_widget","es | en | pt | fr","profile_execution_evidence_missing","not_run"
"finanzas/asesoria","book_appointment","true","business_identity | pipeline | faq_content | appointment_services","service_id:reference:tool | starts_at:datetime:customer | customer_name:text:customer","list_services | check_availability | create_appointment","appointments:appointments.contact_id","collecting > confirming > booked > handed_off","explicit","whatsapp | instagram | messenger | telegram | web_widget","es | en | pt | fr","profile_execution_evidence_missing","not_run"
"finanzas/asesoria","cancel_appointment","true","business_identity | pipeline | faq_content | appointment_services","appointment_id:reference:tool","list_customer_appointments | cancel_appointment | get_appointment_details","appointments:appointments.contact_id","identifying > confirming > cancelled > handed_off","explicit","whatsapp | instagram | messenger | telegram | web_widget","es | en | pt | fr","profile_execution_evidence_missing","not_run"
"finanzas/creditos","ask_question","false","business_identity | pipeline | faq_content | appointment_services","question:text:customer","search_faqs | search_knowledge_base","","answered > not_found > handed_off","none","whatsapp | instagram | messenger | telegram | web_widget","es | en | pt | fr","profile_execution_evidence_missing","not_run"
"finanzas/creditos","book_appointment","true","business_identity | pipeline | faq_content | appointment_services","service_id:reference:tool | starts_at:datetime:customer | customer_name:text:customer","list_services | check_availability | create_appointment","appointments:appointments.contact_id","collecting > confirming > booked > handed_off","explicit","whatsapp | instagram | messenger | telegram | web_widget","es | en | pt | fr","profile_execution_evidence_missing","not_run"
"finanzas/creditos","cancel_appointment","true","business_identity | pipeline | faq_content | appointment_services","appointment_id:reference:tool","list_customer_appointments | cancel_appointment | get_appointment_details","appointments:appointments.contact_id","identifying > confirming > cancelled > handed_off","explicit","whatsapp | instagram | messenger | telegram | web_widget","es | en | pt | fr","profile_execution_evidence_missing","not_run"
"finanzas/pagos_recaudos","ask_question","false","business_identity | pipeline | faq_content","question:text:customer","search_faqs | search_knowledge_base","","answered > not_found > handed_off","none","whatsapp | instagram | messenger | telegram | web_widget","es | en | pt | fr","profile_execution_evidence_missing","not_run"
"fotografia/bodas","ask_question","false","business_identity | pipeline | faq_content | photo_sessions","question:text:customer","search_faqs | search_knowledge_base","","answered > not_found > handed_off","none","whatsapp | instagram | messenger | telegram | web_widget","es | en | pt | fr","profile_execution_evidence_missing","not_run"
"fotografia/bodas","request_photo_quote","true","business_identity | pipeline | faq_content | photo_sessions","event_date:date:customer | customer_name:text:customer","list_photo_packages | check_date_availability | request_photo_quote","photo_sessions:photo_sessions.contact_id","collecting > quoted > handed_off","explicit","whatsapp | instagram | messenger | telegram | web_widget","es | en | pt | fr","positive_task_case_missing | profile_execution_evidence_missing","not_run"
"fotografia/estudio","ask_question","false","business_identity | pipeline | faq_content | photo_sessions","question:text:customer","search_faqs | search_knowledge_base","","answered > not_found > handed_off","none","whatsapp | instagram | messenger | telegram | web_widget","es | en | pt | fr","profile_execution_evidence_missing","not_run"
"fotografia/estudio","request_photo_quote","true","business_identity | pipeline | faq_content | photo_sessions","event_date:date:customer | customer_name:text:customer","list_photo_packages | check_date_availability | request_photo_quote","photo_sessions:photo_sessions.contact_id","collecting > quoted > handed_off","explicit","whatsapp | instagram | messenger | telegram | web_widget","es | en | pt | fr","positive_task_case_missing | profile_execution_evidence_missing","not_run"
"fotografia/eventos","ask_question","false","business_identity | pipeline | faq_content | photo_sessions","question:text:customer","search_faqs | search_knowledge_base","","answered > not_found > handed_off","none","whatsapp | instagram | messenger | telegram | web_widget","es | en | pt | fr","profile_execution_evidence_missing","not_run"
"fotografia/eventos","request_photo_quote","true","business_identity | pipeline | faq_content | photo_sessions","event_date:date:customer | customer_name:text:customer","list_photo_packages | check_date_availability | request_photo_quote","photo_sessions:photo_sessions.contact_id","collecting > quoted > handed_off","explicit","whatsapp | instagram | messenger | telegram | web_widget","es | en | pt | fr","positive_task_case_missing | profile_execution_evidence_missing","not_run"
"fotografia/producto","ask_question","false","business_identity | pipeline | faq_content | photo_sessions","question:text:customer","search_faqs | search_knowledge_base","","answered > not_found > handed_off","none","whatsapp | instagram | messenger | telegram | web_widget","es | en | pt | fr","profile_execution_evidence_missing","not_run"
"fotografia/producto","request_photo_quote","true","business_identity | pipeline | faq_content | photo_sessions","event_date:date:customer | customer_name:text:customer","list_photo_packages | check_date_availability | request_photo_quote","photo_sessions:photo_sessions.contact_id","collecting > quoted > handed_off","explicit","whatsapp | instagram | messenger | telegram | web_widget","es | en | pt | fr","positive_task_case_missing | profile_execution_evidence_missing","not_run"
"gimnasios/crossfit","ask_question","false","business_identity | pipeline | faq_content | appointment_services | membership_plans","question:text:customer","search_faqs | search_knowledge_base","","answered > not_found > handed_off","none","whatsapp | instagram | messenger | telegram | web_widget","es | en | pt | fr","profile_execution_evidence_missing","not_run"
"gimnasios/crossfit","book_appointment","true","business_identity | pipeline | faq_content | appointment_services | membership_plans","service_id:reference:tool | starts_at:datetime:customer | customer_name:text:customer","list_services | check_availability | create_appointment","appointments:appointments.contact_id","collecting > confirming > booked > handed_off","explicit","whatsapp | instagram | messenger | telegram | web_widget","es | en | pt | fr","profile_execution_evidence_missing","not_run"
"gimnasios/crossfit","cancel_appointment","true","business_identity | pipeline | faq_content | appointment_services | membership_plans","appointment_id:reference:tool","list_customer_appointments | cancel_appointment | get_appointment_details","appointments:appointments.contact_id","identifying > confirming > cancelled > handed_off","explicit","whatsapp | instagram | messenger | telegram | web_widget","es | en | pt | fr","profile_execution_evidence_missing","not_run"
"gimnasios/crossfit","book_class","true","business_identity | pipeline | faq_content | appointment_services | membership_plans","class_id:reference:tool","get_class_schedule | get_my_membership | book_class","class_bookings:class_bookings.contact_id","collecting > confirming > booked > handed_off","explicit","whatsapp | instagram | messenger | telegram | web_widget","es | en | pt | fr","profile_execution_evidence_missing","not_run"
"gimnasios/cycling","ask_question","false","business_identity | pipeline | faq_content | appointment_services | membership_plans","question:text:customer","search_faqs | search_knowledge_base","","answered > not_found > handed_off","none","whatsapp | instagram | messenger | telegram | web_widget","es | en | pt | fr","profile_execution_evidence_missing","not_run"
"gimnasios/cycling","book_appointment","true","business_identity | pipeline | faq_content | appointment_services | membership_plans","service_id:reference:tool | starts_at:datetime:customer | customer_name:text:customer","list_services | check_availability | create_appointment","appointments:appointments.contact_id","collecting > confirming > booked > handed_off","explicit","whatsapp | instagram | messenger | telegram | web_widget","es | en | pt | fr","profile_execution_evidence_missing","not_run"
"gimnasios/cycling","cancel_appointment","true","business_identity | pipeline | faq_content | appointment_services | membership_plans","appointment_id:reference:tool","list_customer_appointments | cancel_appointment | get_appointment_details","appointments:appointments.contact_id","identifying > confirming > cancelled > handed_off","explicit","whatsapp | instagram | messenger | telegram | web_widget","es | en | pt | fr","profile_execution_evidence_missing","not_run"
"gimnasios/cycling","book_class","true","business_identity | pipeline | faq_content | appointment_services | membership_plans","class_id:reference:tool","get_class_schedule | get_my_membership | book_class","class_bookings:class_bookings.contact_id","collecting > confirming > booked > handed_off","explicit","whatsapp | instagram | messenger | telegram | web_widget","es | en | pt | fr","profile_execution_evidence_missing","not_run"
"gimnasios/gimnasio_general","ask_question","false","business_identity | pipeline | faq_content | appointment_services | membership_plans","question:text:customer","search_faqs | search_knowledge_base","","answered > not_found > handed_off","none","whatsapp | instagram | messenger | telegram | web_widget","es | en | pt | fr","profile_execution_evidence_missing","not_run"
"gimnasios/gimnasio_general","book_appointment","true","business_identity | pipeline | faq_content | appointment_services | membership_plans","service_id:reference:tool | starts_at:datetime:customer | customer_name:text:customer","list_services | check_availability | create_appointment","appointments:appointments.contact_id","collecting > confirming > booked > handed_off","explicit","whatsapp | instagram | messenger | telegram | web_widget","es | en | pt | fr","profile_execution_evidence_missing","not_run"
"gimnasios/gimnasio_general","cancel_appointment","true","business_identity | pipeline | faq_content | appointment_services | membership_plans","appointment_id:reference:tool","list_customer_appointments | cancel_appointment | get_appointment_details","appointments:appointments.contact_id","identifying > confirming > cancelled > handed_off","explicit","whatsapp | instagram | messenger | telegram | web_widget","es | en | pt | fr","profile_execution_evidence_missing","not_run"
"gimnasios/gimnasio_general","book_class","true","business_identity | pipeline | faq_content | appointment_services | membership_plans","class_id:reference:tool","get_class_schedule | get_my_membership | book_class","class_bookings:class_bookings.contact_id","collecting > confirming > booked > handed_off","explicit","whatsapp | instagram | messenger | telegram | web_widget","es | en | pt | fr","profile_execution_evidence_missing","not_run"
"gimnasios/martial_arts","ask_question","false","business_identity | pipeline | faq_content | appointment_services | membership_plans","question:text:customer","search_faqs | search_knowledge_base","","answered > not_found > handed_off","none","whatsapp | instagram | messenger | telegram | web_widget","es | en | pt | fr","profile_execution_evidence_missing","not_run"
"gimnasios/martial_arts","book_appointment","true","business_identity | pipeline | faq_content | appointment_services | membership_plans","service_id:reference:tool | starts_at:datetime:customer | customer_name:text:customer","list_services | check_availability | create_appointment","appointments:appointments.contact_id","collecting > confirming > booked > handed_off","explicit","whatsapp | instagram | messenger | telegram | web_widget","es | en | pt | fr","profile_execution_evidence_missing","not_run"
"gimnasios/martial_arts","cancel_appointment","true","business_identity | pipeline | faq_content | appointment_services | membership_plans","appointment_id:reference:tool","list_customer_appointments | cancel_appointment | get_appointment_details","appointments:appointments.contact_id","identifying > confirming > cancelled > handed_off","explicit","whatsapp | instagram | messenger | telegram | web_widget","es | en | pt | fr","profile_execution_evidence_missing","not_run"
"gimnasios/martial_arts","book_class","true","business_identity | pipeline | faq_content | appointment_services | membership_plans","class_id:reference:tool","get_class_schedule | get_my_membership | book_class","class_bookings:class_bookings.contact_id","collecting > confirming > booked > handed_off","explicit","whatsapp | instagram | messenger | telegram | web_widget","es | en | pt | fr","profile_execution_evidence_missing","not_run"
"gimnasios/yoga_pilates","ask_question","false","business_identity | pipeline | faq_content | appointment_services | membership_plans","question:text:customer","search_faqs | search_knowledge_base","","answered > not_found > handed_off","none","whatsapp | instagram | messenger | telegram | web_widget","es | en | pt | fr","profile_execution_evidence_missing","not_run"
"gimnasios/yoga_pilates","book_appointment","true","business_identity | pipeline | faq_content | appointment_services | membership_plans","service_id:reference:tool | starts_at:datetime:customer | customer_name:text:customer","list_services | check_availability | create_appointment","appointments:appointments.contact_id","collecting > confirming > booked > handed_off","explicit","whatsapp | instagram | messenger | telegram | web_widget","es | en | pt | fr","profile_execution_evidence_missing","not_run"
"gimnasios/yoga_pilates","cancel_appointment","true","business_identity | pipeline | faq_content | appointment_services | membership_plans","appointment_id:reference:tool","list_customer_appointments | cancel_appointment | get_appointment_details","appointments:appointments.contact_id","identifying > confirming > cancelled > handed_off","explicit","whatsapp | instagram | messenger | telegram | web_widget","es | en | pt | fr","profile_execution_evidence_missing","not_run"
"gimnasios/yoga_pilates","book_class","true","business_identity | pipeline | faq_content | appointment_services | membership_plans","class_id:reference:tool","get_class_schedule | get_my_membership | book_class","class_bookings:class_bookings.contact_id","collecting > confirming > booked > handed_off","explicit","whatsapp | instagram | messenger | telegram | web_widget","es | en | pt | fr","profile_execution_evidence_missing","not_run"
"inmobiliaria/arriendo","ask_question","false","business_identity | pipeline | faq_content | appointment_services | listings","question:text:customer","search_faqs | search_knowledge_base","","answered > not_found > handed_off","none","whatsapp | instagram | messenger | telegram | web_widget","es | en | pt | fr","profile_execution_evidence_missing","not_run"
"inmobiliaria/arriendo","book_appointment","true","business_identity | pipeline | faq_content | appointment_services | listings","service_id:reference:tool | starts_at:datetime:customer | customer_name:text:customer","list_services | check_availability | create_appointment","appointments:appointments.contact_id","collecting > confirming > booked > handed_off","explicit","whatsapp | instagram | messenger | telegram | web_widget","es | en | pt | fr","profile_execution_evidence_missing","not_run"
"inmobiliaria/arriendo","cancel_appointment","true","business_identity | pipeline | faq_content | appointment_services | listings","appointment_id:reference:tool","list_customer_appointments | cancel_appointment | get_appointment_details","appointments:appointments.contact_id","identifying > confirming > cancelled > handed_off","explicit","whatsapp | instagram | messenger | telegram | web_widget","es | en | pt | fr","profile_execution_evidence_missing","not_run"
"inmobiliaria/arriendo","find_listing","false","business_identity | pipeline | faq_content | appointment_services | listings","operation:enum:customer","search_listings | get_listing_details | send_listing_image","","listed > empty > handed_off","none","whatsapp | instagram | messenger | telegram | web_widget","es | en | pt | fr","profile_execution_evidence_missing","not_run"
"inmobiliaria/comercial","ask_question","false","business_identity | pipeline | faq_content | appointment_services | listings","question:text:customer","search_faqs | search_knowledge_base","","answered > not_found > handed_off","none","whatsapp | instagram | messenger | telegram | web_widget","es | en | pt | fr","profile_execution_evidence_missing","not_run"
"inmobiliaria/comercial","book_appointment","true","business_identity | pipeline | faq_content | appointment_services | listings","service_id:reference:tool | starts_at:datetime:customer | customer_name:text:customer","list_services | check_availability | create_appointment","appointments:appointments.contact_id","collecting > confirming > booked > handed_off","explicit","whatsapp | instagram | messenger | telegram | web_widget","es | en | pt | fr","profile_execution_evidence_missing","not_run"
"inmobiliaria/comercial","cancel_appointment","true","business_identity | pipeline | faq_content | appointment_services | listings","appointment_id:reference:tool","list_customer_appointments | cancel_appointment | get_appointment_details","appointments:appointments.contact_id","identifying > confirming > cancelled > handed_off","explicit","whatsapp | instagram | messenger | telegram | web_widget","es | en | pt | fr","profile_execution_evidence_missing","not_run"
"inmobiliaria/comercial","find_listing","false","business_identity | pipeline | faq_content | appointment_services | listings","operation:enum:customer","search_listings | get_listing_details | send_listing_image","","listed > empty > handed_off","none","whatsapp | instagram | messenger | telegram | web_widget","es | en | pt | fr","profile_execution_evidence_missing","not_run"
"inmobiliaria/promotora","ask_question","false","business_identity | pipeline | faq_content","question:text:customer","search_faqs | search_knowledge_base","","answered > not_found > handed_off","none","whatsapp | instagram | messenger | telegram | web_widget","es | en | pt | fr","profile_execution_evidence_missing","not_run"
"inmobiliaria/venta","ask_question","false","business_identity | pipeline | faq_content | appointment_services | listings","question:text:customer","search_faqs | search_knowledge_base","","answered > not_found > handed_off","none","whatsapp | instagram | messenger | telegram | web_widget","es | en | pt | fr","profile_execution_evidence_missing","not_run"
"inmobiliaria/venta","book_appointment","true","business_identity | pipeline | faq_content | appointment_services | listings","service_id:reference:tool | starts_at:datetime:customer | customer_name:text:customer","list_services | check_availability | create_appointment","appointments:appointments.contact_id","collecting > confirming > booked > handed_off","explicit","whatsapp | instagram | messenger | telegram | web_widget","es | en | pt | fr","profile_execution_evidence_missing","not_run"
"inmobiliaria/venta","cancel_appointment","true","business_identity | pipeline | faq_content | appointment_services | listings","appointment_id:reference:tool","list_customer_appointments | cancel_appointment | get_appointment_details","appointments:appointments.contact_id","identifying > confirming > cancelled > handed_off","explicit","whatsapp | instagram | messenger | telegram | web_widget","es | en | pt | fr","profile_execution_evidence_missing","not_run"
"inmobiliaria/venta","find_listing","false","business_identity | pipeline | faq_content | appointment_services | listings","operation:enum:customer","search_listings | get_listing_details | send_listing_image","","listed > empty > handed_off","none","whatsapp | instagram | messenger | telegram | web_widget","es | en | pt | fr","profile_execution_evidence_missing","not_run"
"moda_belleza/barberia","ask_question","false","business_identity | pipeline | faq_content | appointment_services","question:text:customer","search_faqs | search_knowledge_base","","answered > not_found > handed_off","none","whatsapp | instagram | messenger | telegram | web_widget","es | en | pt | fr","profile_execution_evidence_missing","not_run"
"moda_belleza/barberia","book_appointment","true","business_identity | pipeline | faq_content | appointment_services","service_id:reference:tool | starts_at:datetime:customer | customer_name:text:customer","list_services | check_availability | create_appointment","appointments:appointments.contact_id","collecting > confirming > booked > handed_off","explicit","whatsapp | instagram | messenger | telegram | web_widget","es | en | pt | fr","profile_execution_evidence_missing","not_run"
"moda_belleza/barberia","cancel_appointment","true","business_identity | pipeline | faq_content | appointment_services","appointment_id:reference:tool","list_customer_appointments | cancel_appointment | get_appointment_details","appointments:appointments.contact_id","identifying > confirming > cancelled > handed_off","explicit","whatsapp | instagram | messenger | telegram | web_widget","es | en | pt | fr","profile_execution_evidence_missing","not_run"
"moda_belleza/estetica","ask_question","false","business_identity | pipeline | faq_content | appointment_services | treatment_catalog","question:text:customer","search_faqs | search_knowledge_base","","answered > not_found > handed_off","none","whatsapp | instagram | messenger | telegram | web_widget","es | en | pt | fr","profile_execution_evidence_missing","not_run"
"moda_belleza/estetica","book_appointment","true","business_identity | pipeline | faq_content | appointment_services | treatment_catalog","service_id:reference:tool | starts_at:datetime:customer | customer_name:text:customer","list_services | check_availability | create_appointment","appointments:appointments.contact_id","collecting > confirming > booked > handed_off","explicit","whatsapp | instagram | messenger | telegram | web_widget","es | en | pt | fr","profile_execution_evidence_missing","not_run"
"moda_belleza/estetica","cancel_appointment","true","business_identity | pipeline | faq_content | appointment_services | treatment_catalog","appointment_id:reference:tool","list_customer_appointments | cancel_appointment | get_appointment_details","appointments:appointments.contact_id","identifying > confirming > cancelled > handed_off","explicit","whatsapp | instagram | messenger | telegram | web_widget","es | en | pt | fr","profile_execution_evidence_missing","not_run"
"moda_belleza/estetica","treatment_status","false","business_identity | pipeline | faq_content | appointment_services | treatment_catalog","patient_reference:reference:derived","get_treatment_plan | list_upcoming_sessions","","answered > not_found > handed_off","none","whatsapp | instagram | messenger | telegram | web_widget","es | en | pt | fr","profile_execution_evidence_missing","not_run"
"moda_belleza/salon_belleza","ask_question","false","business_identity | pipeline | faq_content | appointment_services","question:text:customer","search_faqs | search_knowledge_base","","answered > not_found > handed_off","none","whatsapp | instagram | messenger | telegram | web_widget","es | en | pt | fr","profile_execution_evidence_missing","not_run"
"moda_belleza/salon_belleza","book_appointment","true","business_identity | pipeline | faq_content | appointment_services","service_id:reference:tool | starts_at:datetime:customer | customer_name:text:customer","list_services | check_availability | create_appointment","appointments:appointments.contact_id","collecting > confirming > booked > handed_off","explicit","whatsapp | instagram | messenger | telegram | web_widget","es | en | pt | fr","profile_execution_evidence_missing","not_run"
"moda_belleza/salon_belleza","cancel_appointment","true","business_identity | pipeline | faq_content | appointment_services","appointment_id:reference:tool","list_customer_appointments | cancel_appointment | get_appointment_details","appointments:appointments.contact_id","identifying > confirming > cancelled > handed_off","explicit","whatsapp | instagram | messenger | telegram | web_widget","es | en | pt | fr","profile_execution_evidence_missing","not_run"
"moda_belleza/spa","ask_question","false","business_identity | pipeline | faq_content | appointment_services | treatment_catalog","question:text:customer","search_faqs | search_knowledge_base","","answered > not_found > handed_off","none","whatsapp | instagram | messenger | telegram | web_widget","es | en | pt | fr","profile_execution_evidence_missing","not_run"
"moda_belleza/spa","book_appointment","true","business_identity | pipeline | faq_content | appointment_services | treatment_catalog","service_id:reference:tool | starts_at:datetime:customer | customer_name:text:customer","list_services | check_availability | create_appointment","appointments:appointments.contact_id","collecting > confirming > booked > handed_off","explicit","whatsapp | instagram | messenger | telegram | web_widget","es | en | pt | fr","profile_execution_evidence_missing","not_run"
"moda_belleza/spa","cancel_appointment","true","business_identity | pipeline | faq_content | appointment_services | treatment_catalog","appointment_id:reference:tool","list_customer_appointments | cancel_appointment | get_appointment_details","appointments:appointments.contact_id","identifying > confirming > cancelled > handed_off","explicit","whatsapp | instagram | messenger | telegram | web_widget","es | en | pt | fr","profile_execution_evidence_missing","not_run"
"moda_belleza/spa","treatment_status","false","business_identity | pipeline | faq_content | appointment_services | treatment_catalog","patient_reference:reference:derived","get_treatment_plan | list_upcoming_sessions","","answered > not_found > handed_off","none","whatsapp | instagram | messenger | telegram | web_widget","es | en | pt | fr","profile_execution_evidence_missing","not_run"
"otro/__none__","ask_question","false","business_identity | pipeline | faq_content | catalog_items","question:text:customer","search_faqs | search_knowledge_base","","answered > not_found > handed_off","none","whatsapp | instagram | messenger | telegram | web_widget","es | en | pt | fr","profile_execution_evidence_missing","not_run"
"otro/__none__","browse_catalog","false","business_identity | pipeline | faq_content | catalog_items","","search_products | get_product | check_stock","","listed > empty > handed_off","none","whatsapp | instagram | messenger | telegram | web_widget","es | en | pt | fr","profile_execution_evidence_missing","not_run"
"otro/__none__","place_catalog_order","true","business_identity | pipeline | faq_content | catalog_items","items:reference:customer | customer_name:text:customer","get_product | check_stock | place_catalog_order | search_products","catalog_orders:orders.contact_id","collecting > confirming > ordered > handed_off","explicit","whatsapp | instagram | messenger | telegram | web_widget","es | en | pt | fr","positive_task_case_missing | profile_execution_evidence_missing","not_run"
"pet_services/adiestramiento","ask_question","false","business_identity | pipeline | faq_content | appointment_services | pets","question:text:customer","search_faqs | search_knowledge_base","","answered > not_found > handed_off","none","whatsapp | instagram | messenger | telegram | web_widget","es | en | pt | fr","profile_execution_evidence_missing","not_run"
"pet_services/adiestramiento","book_appointment","true","business_identity | pipeline | faq_content | appointment_services | pets","service_id:reference:tool | starts_at:datetime:customer | customer_name:text:customer","list_services | check_availability | create_appointment","appointments:appointments.contact_id","collecting > confirming > booked > handed_off","explicit","whatsapp | instagram | messenger | telegram | web_widget","es | en | pt | fr","profile_execution_evidence_missing","not_run"
"pet_services/adiestramiento","cancel_appointment","true","business_identity | pipeline | faq_content | appointment_services | pets","appointment_id:reference:tool","list_customer_appointments | cancel_appointment | get_appointment_details","appointments:appointments.contact_id","identifying > confirming > cancelled > handed_off","explicit","whatsapp | instagram | messenger | telegram | web_widget","es | en | pt | fr","profile_execution_evidence_missing","not_run"
"pet_services/adiestramiento","ask_pet_service","false","business_identity | pipeline | faq_content | appointment_services | pets","","list_pet_services | check_daycare_availability","","answered > unavailable > handed_off","none","whatsapp | instagram | messenger | telegram | web_widget","es | en | pt | fr","profile_execution_evidence_missing","not_run"
"pet_services/adiestramiento","register_pet","true","business_identity | pipeline | faq_content | appointment_services | pets","pet_name:text:customer | species:enum:customer","list_pets_for_contact | register_pet | update_pet","","collecting > registered > handed_off","explicit","whatsapp | instagram | messenger | telegram | web_widget","es | en | pt | fr","effect_verifier_missing | positive_task_case_missing | profile_execution_evidence_missing","not_run"
"pet_services/adiestramiento","pet_emergency","false","business_identity | pipeline | faq_content | appointment_services | pets","symptoms:text:customer","triage_pet_emergency","","triaged > handed_off","none","whatsapp | instagram | messenger | telegram | web_widget","es | en | pt | fr","profile_execution_evidence_missing","not_run"
"pet_services/guarderia","ask_question","false","business_identity | pipeline | faq_content | pets | boarding_capacity","question:text:customer","search_faqs | search_knowledge_base","","answered > not_found > handed_off","none","whatsapp | instagram | messenger | telegram | web_widget","es | en | pt | fr","profile_execution_evidence_missing","not_run"
"pet_services/guarderia","ask_pet_service","false","business_identity | pipeline | faq_content | pets | boarding_capacity","","list_pet_services | check_daycare_availability","","answered > unavailable > handed_off","none","whatsapp | instagram | messenger | telegram | web_widget","es | en | pt | fr","profile_execution_evidence_missing","not_run"
"pet_services/guarderia","register_pet","true","business_identity | pipeline | faq_content | pets | boarding_capacity","pet_name:text:customer | species:enum:customer","list_pets_for_contact | register_pet | update_pet","","collecting > registered > handed_off","explicit","whatsapp | instagram | messenger | telegram | web_widget","es | en | pt | fr","effect_verifier_missing | positive_task_case_missing | profile_execution_evidence_missing","not_run"
"pet_services/guarderia","pet_emergency","false","business_identity | pipeline | faq_content | pets | boarding_capacity","symptoms:text:customer","triage_pet_emergency","","triaged > handed_off","none","whatsapp | instagram | messenger | telegram | web_widget","es | en | pt | fr","profile_execution_evidence_missing","not_run"
"pet_services/guarderia","board_pet","true","business_identity | pipeline | faq_content | pets | boarding_capacity","pet_reference:reference:derived | check_in:date:customer | check_out:date:customer | customer_name:text:customer","create_pet_boarding | list_my_pet_boardings","resource_rentals:resource_rentals.contact_id","collecting > confirming > reserved > handed_off","explicit","whatsapp | instagram | messenger | telegram | web_widget","es | en | pt | fr","positive_task_case_missing | profile_execution_evidence_missing","not_run"
"pet_services/hotel","ask_question","false","business_identity | pipeline | faq_content | pets | boarding_capacity","question:text:customer","search_faqs | search_knowledge_base","","answered > not_found > handed_off","none","whatsapp | instagram | messenger | telegram | web_widget","es | en | pt | fr","profile_execution_evidence_missing","not_run"
"pet_services/hotel","ask_pet_service","false","business_identity | pipeline | faq_content | pets | boarding_capacity","","list_pet_services | check_daycare_availability","","answered > unavailable > handed_off","none","whatsapp | instagram | messenger | telegram | web_widget","es | en | pt | fr","profile_execution_evidence_missing","not_run"
"pet_services/hotel","register_pet","true","business_identity | pipeline | faq_content | pets | boarding_capacity","pet_name:text:customer | species:enum:customer","list_pets_for_contact | register_pet | update_pet","","collecting > registered > handed_off","explicit","whatsapp | instagram | messenger | telegram | web_widget","es | en | pt | fr","effect_verifier_missing | positive_task_case_missing | profile_execution_evidence_missing","not_run"
"pet_services/hotel","pet_emergency","false","business_identity | pipeline | faq_content | pets | boarding_capacity","symptoms:text:customer","triage_pet_emergency","","triaged > handed_off","none","whatsapp | instagram | messenger | telegram | web_widget","es | en | pt | fr","profile_execution_evidence_missing","not_run"
"pet_services/hotel","board_pet","true","business_identity | pipeline | faq_content | pets | boarding_capacity","pet_reference:reference:derived | check_in:date:customer | check_out:date:customer | customer_name:text:customer","create_pet_boarding | list_my_pet_boardings","resource_rentals:resource_rentals.contact_id","collecting > confirming > reserved > handed_off","explicit","whatsapp | instagram | messenger | telegram | web_widget","es | en | pt | fr","positive_task_case_missing | profile_execution_evidence_missing","not_run"
"pet_services/paseos","ask_question","false","business_identity | pipeline | faq_content | appointment_services | pets","question:text:customer","search_faqs | search_knowledge_base","","answered > not_found > handed_off","none","whatsapp | instagram | messenger | telegram | web_widget","es | en | pt | fr","profile_execution_evidence_missing","not_run"
"pet_services/paseos","book_appointment","true","business_identity | pipeline | faq_content | appointment_services | pets","service_id:reference:tool | starts_at:datetime:customer | customer_name:text:customer","list_services | check_availability | create_appointment","appointments:appointments.contact_id","collecting > confirming > booked > handed_off","explicit","whatsapp | instagram | messenger | telegram | web_widget","es | en | pt | fr","profile_execution_evidence_missing","not_run"
"pet_services/paseos","cancel_appointment","true","business_identity | pipeline | faq_content | appointment_services | pets","appointment_id:reference:tool","list_customer_appointments | cancel_appointment | get_appointment_details","appointments:appointments.contact_id","identifying > confirming > cancelled > handed_off","explicit","whatsapp | instagram | messenger | telegram | web_widget","es | en | pt | fr","profile_execution_evidence_missing","not_run"
"pet_services/paseos","ask_pet_service","false","business_identity | pipeline | faq_content | appointment_services | pets","","list_pet_services | check_daycare_availability","","answered > unavailable > handed_off","none","whatsapp | instagram | messenger | telegram | web_widget","es | en | pt | fr","profile_execution_evidence_missing","not_run"
"pet_services/paseos","register_pet","true","business_identity | pipeline | faq_content | appointment_services | pets","pet_name:text:customer | species:enum:customer","list_pets_for_contact | register_pet | update_pet","","collecting > registered > handed_off","explicit","whatsapp | instagram | messenger | telegram | web_widget","es | en | pt | fr","effect_verifier_missing | positive_task_case_missing | profile_execution_evidence_missing","not_run"
"pet_services/paseos","pet_emergency","false","business_identity | pipeline | faq_content | appointment_services | pets","symptoms:text:customer","triage_pet_emergency","","triaged > handed_off","none","whatsapp | instagram | messenger | telegram | web_widget","es | en | pt | fr","profile_execution_evidence_missing","not_run"
"pet_services/peluqueria","ask_question","false","business_identity | pipeline | faq_content | appointment_services | pets","question:text:customer","search_faqs | search_knowledge_base","","answered > not_found > handed_off","none","whatsapp | instagram | messenger | telegram | web_widget","es | en | pt | fr","profile_execution_evidence_missing","not_run"
"pet_services/peluqueria","book_appointment","true","business_identity | pipeline | faq_content | appointment_services | pets","service_id:reference:tool | starts_at:datetime:customer | customer_name:text:customer","list_services | check_availability | create_appointment","appointments:appointments.contact_id","collecting > confirming > booked > handed_off","explicit","whatsapp | instagram | messenger | telegram | web_widget","es | en | pt | fr","profile_execution_evidence_missing","not_run"
"pet_services/peluqueria","cancel_appointment","true","business_identity | pipeline | faq_content | appointment_services | pets","appointment_id:reference:tool","list_customer_appointments | cancel_appointment | get_appointment_details","appointments:appointments.contact_id","identifying > confirming > cancelled > handed_off","explicit","whatsapp | instagram | messenger | telegram | web_widget","es | en | pt | fr","profile_execution_evidence_missing","not_run"
"pet_services/peluqueria","ask_pet_service","false","business_identity | pipeline | faq_content | appointment_services | pets","","list_pet_services | check_daycare_availability","","answered > unavailable > handed_off","none","whatsapp | instagram | messenger | telegram | web_widget","es | en | pt | fr","profile_execution_evidence_missing","not_run"
"pet_services/peluqueria","register_pet","true","business_identity | pipeline | faq_content | appointment_services | pets","pet_name:text:customer | species:enum:customer","list_pets_for_contact | register_pet | update_pet","","collecting > registered > handed_off","explicit","whatsapp | instagram | messenger | telegram | web_widget","es | en | pt | fr","effect_verifier_missing | positive_task_case_missing | profile_execution_evidence_missing","not_run"
"pet_services/peluqueria","pet_emergency","false","business_identity | pipeline | faq_content | appointment_services | pets","symptoms:text:customer","triage_pet_emergency","","triaged > handed_off","none","whatsapp | instagram | messenger | telegram | web_widget","es | en | pt | fr","profile_execution_evidence_missing","not_run"
"restaurantes/cafeteria","ask_question","false","business_identity | pipeline | faq_content | appointment_services | menu_items","question:text:customer","search_faqs | search_knowledge_base","","answered > not_found > handed_off","none","whatsapp | instagram | messenger | telegram | web_widget","es | en | pt | fr","profile_execution_evidence_missing","not_run"
"restaurantes/cafeteria","book_appointment","true","business_identity | pipeline | faq_content | appointment_services | menu_items","service_id:reference:tool | starts_at:datetime:customer | customer_name:text:customer","list_services | check_availability | create_appointment","appointments:appointments.contact_id","collecting > confirming > booked > handed_off","explicit","whatsapp | instagram | messenger | telegram | web_widget","es | en | pt | fr","profile_execution_evidence_missing","not_run"
"restaurantes/cafeteria","cancel_appointment","true","business_identity | pipeline | faq_content | appointment_services | menu_items","appointment_id:reference:tool","list_customer_appointments | cancel_appointment | get_appointment_details","appointments:appointments.contact_id","identifying > confirming > cancelled > handed_off","explicit","whatsapp | instagram | messenger | telegram | web_widget","es | en | pt | fr","profile_execution_evidence_missing","not_run"
"restaurantes/cafeteria","place_food_order","true","business_identity | pipeline | faq_content | appointment_services | menu_items","items:reference:customer | customer_name:text:customer","get_menu | get_promotions | place_order","restaurant_orders:food_orders.contact_id","collecting > confirming > placed > handed_off","explicit","whatsapp | instagram | messenger | telegram | web_widget","es | en | pt | fr","positive_task_case_missing | profile_execution_evidence_missing","not_run"
"restaurantes/cafeteria","track_food_order","false","business_identity | pipeline | faq_content | appointment_services | menu_items","order_id:reference:tool","list_my_orders | check_order_status","","answered > not_found > handed_off","none","whatsapp | instagram | messenger | telegram | web_widget","es | en | pt | fr","profile_execution_evidence_missing","not_run"
"restaurantes/casual_dining","ask_question","false","business_identity | pipeline | faq_content | appointment_services | menu_items","question:text:customer","search_faqs | search_knowledge_base","","answered > not_found > handed_off","none","whatsapp | instagram | messenger | telegram | web_widget","es | en | pt | fr","profile_execution_evidence_missing","not_run"
"restaurantes/casual_dining","book_appointment","true","business_identity | pipeline | faq_content | appointment_services | menu_items","service_id:reference:tool | starts_at:datetime:customer | customer_name:text:customer","list_services | check_availability | create_appointment","appointments:appointments.contact_id","collecting > confirming > booked > handed_off","explicit","whatsapp | instagram | messenger | telegram | web_widget","es | en | pt | fr","profile_execution_evidence_missing","not_run"
"restaurantes/casual_dining","cancel_appointment","true","business_identity | pipeline | faq_content | appointment_services | menu_items","appointment_id:reference:tool","list_customer_appointments | cancel_appointment | get_appointment_details","appointments:appointments.contact_id","identifying > confirming > cancelled > handed_off","explicit","whatsapp | instagram | messenger | telegram | web_widget","es | en | pt | fr","profile_execution_evidence_missing","not_run"
"restaurantes/casual_dining","place_food_order","true","business_identity | pipeline | faq_content | appointment_services | menu_items","items:reference:customer | customer_name:text:customer","get_menu | get_promotions | place_order","restaurant_orders:food_orders.contact_id","collecting > confirming > placed > handed_off","explicit","whatsapp | instagram | messenger | telegram | web_widget","es | en | pt | fr","positive_task_case_missing | profile_execution_evidence_missing","not_run"
"restaurantes/casual_dining","track_food_order","false","business_identity | pipeline | faq_content | appointment_services | menu_items","order_id:reference:tool","list_my_orders | check_order_status","","answered > not_found > handed_off","none","whatsapp | instagram | messenger | telegram | web_widget","es | en | pt | fr","profile_execution_evidence_missing","not_run"
"restaurantes/comida_rapida","ask_question","false","business_identity | pipeline | faq_content | menu_items","question:text:customer","search_faqs | search_knowledge_base","","answered > not_found > handed_off","none","whatsapp | instagram | messenger | telegram | web_widget","es | en | pt | fr","profile_execution_evidence_missing","not_run"
"restaurantes/comida_rapida","place_food_order","true","business_identity | pipeline | faq_content | menu_items","items:reference:customer | customer_name:text:customer","get_menu | get_promotions | place_order","restaurant_orders:food_orders.contact_id","collecting > confirming > placed > handed_off","explicit","whatsapp | instagram | messenger | telegram | web_widget","es | en | pt | fr","positive_task_case_missing | profile_execution_evidence_missing","not_run"
"restaurantes/comida_rapida","track_food_order","false","business_identity | pipeline | faq_content | menu_items","order_id:reference:tool","list_my_orders | check_order_status","","answered > not_found > handed_off","none","whatsapp | instagram | messenger | telegram | web_widget","es | en | pt | fr","profile_execution_evidence_missing","not_run"
"restaurantes/dark_kitchen","ask_question","false","business_identity | pipeline | faq_content | menu_items","question:text:customer","search_faqs | search_knowledge_base","","answered > not_found > handed_off","none","whatsapp | instagram | messenger | telegram | web_widget","es | en | pt | fr","profile_execution_evidence_missing","not_run"
"restaurantes/dark_kitchen","place_food_order","true","business_identity | pipeline | faq_content | menu_items","items:reference:customer | customer_name:text:customer","get_menu | get_promotions | place_order","restaurant_orders:food_orders.contact_id","collecting > confirming > placed > handed_off","explicit","whatsapp | instagram | messenger | telegram | web_widget","es | en | pt | fr","positive_task_case_missing | profile_execution_evidence_missing","not_run"
"restaurantes/dark_kitchen","track_food_order","false","business_identity | pipeline | faq_content | menu_items","order_id:reference:tool","list_my_orders | check_order_status","","answered > not_found > handed_off","none","whatsapp | instagram | messenger | telegram | web_widget","es | en | pt | fr","profile_execution_evidence_missing","not_run"
"retail/electronica","ask_question","false","business_identity | pipeline | faq_content | catalog_items","question:text:customer","search_faqs | search_knowledge_base","","answered > not_found > handed_off","none","whatsapp | instagram | messenger | telegram | web_widget","es | en | pt | fr","profile_execution_evidence_missing","not_run"
"retail/electronica","browse_catalog","false","business_identity | pipeline | faq_content | catalog_items","","search_products | get_product | check_stock","","listed > empty > handed_off","none","whatsapp | instagram | messenger | telegram | web_widget","es | en | pt | fr","profile_execution_evidence_missing","not_run"
"retail/electronica","place_catalog_order","true","business_identity | pipeline | faq_content | catalog_items","items:reference:customer | customer_name:text:customer","get_product | check_stock | place_catalog_order | search_products","catalog_orders:orders.contact_id","collecting > confirming > ordered > handed_off","explicit","whatsapp | instagram | messenger | telegram | web_widget","es | en | pt | fr","positive_task_case_missing | profile_execution_evidence_missing","not_run"
"retail/hogar","ask_question","false","business_identity | pipeline | faq_content | catalog_items | appointment_services","question:text:customer","search_faqs | search_knowledge_base","","answered > not_found > handed_off","none","whatsapp | instagram | messenger | telegram | web_widget","es | en | pt | fr","profile_execution_evidence_missing","not_run"
"retail/hogar","browse_catalog","false","business_identity | pipeline | faq_content | catalog_items | appointment_services","","search_products | get_product | check_stock","","listed > empty > handed_off","none","whatsapp | instagram | messenger | telegram | web_widget","es | en | pt | fr","profile_execution_evidence_missing","not_run"
"retail/hogar","place_catalog_order","true","business_identity | pipeline | faq_content | catalog_items | appointment_services","items:reference:customer | customer_name:text:customer","get_product | check_stock | place_catalog_order | search_products","catalog_orders:orders.contact_id","collecting > confirming > ordered > handed_off","explicit","whatsapp | instagram | messenger | telegram | web_widget","es | en | pt | fr","positive_task_case_missing | profile_execution_evidence_missing","not_run"
"retail/hogar","book_appointment","true","business_identity | pipeline | faq_content | catalog_items | appointment_services","service_id:reference:tool | starts_at:datetime:customer | customer_name:text:customer","list_services | check_availability | create_appointment","appointments:appointments.contact_id","collecting > confirming > booked > handed_off","explicit","whatsapp | instagram | messenger | telegram | web_widget","es | en | pt | fr","profile_execution_evidence_missing","not_run"
"retail/hogar","cancel_appointment","true","business_identity | pipeline | faq_content | catalog_items | appointment_services","appointment_id:reference:tool","list_customer_appointments | cancel_appointment | get_appointment_details","appointments:appointments.contact_id","identifying > confirming > cancelled > handed_off","explicit","whatsapp | instagram | messenger | telegram | web_widget","es | en | pt | fr","profile_execution_evidence_missing","not_run"
"retail/marketplace","ask_question","false","business_identity | pipeline | faq_content","question:text:customer","search_faqs | search_knowledge_base","","answered > not_found > handed_off","none","whatsapp | instagram | messenger | telegram | web_widget","es | en | pt | fr","profile_execution_evidence_missing","not_run"
"retail/moda","ask_question","false","business_identity | pipeline | faq_content | catalog_items","question:text:customer","search_faqs | search_knowledge_base","","answered > not_found > handed_off","none","whatsapp | instagram | messenger | telegram | web_widget","es | en | pt | fr","profile_execution_evidence_missing","not_run"
"retail/moda","browse_catalog","false","business_identity | pipeline | faq_content | catalog_items","","search_products | get_product | check_stock","","listed > empty > handed_off","none","whatsapp | instagram | messenger | telegram | web_widget","es | en | pt | fr","profile_execution_evidence_missing","not_run"
"retail/moda","place_catalog_order","true","business_identity | pipeline | faq_content | catalog_items","items:reference:customer | customer_name:text:customer","get_product | check_stock | place_catalog_order | search_products","catalog_orders:orders.contact_id","collecting > confirming > ordered > handed_off","explicit","whatsapp | instagram | messenger | telegram | web_widget","es | en | pt | fr","positive_task_case_missing | profile_execution_evidence_missing","not_run"
"salud/dental","ask_question","false","business_identity | pipeline | faq_content | appointment_services | treatment_catalog","question:text:customer","search_faqs | search_knowledge_base","","answered > not_found > handed_off","none","whatsapp | instagram | messenger | telegram | web_widget","es | en | pt | fr","profile_execution_evidence_missing","not_run"
"salud/dental","book_appointment","true","business_identity | pipeline | faq_content | appointment_services | treatment_catalog","service_id:reference:tool | starts_at:datetime:customer | customer_name:text:customer","list_services | check_availability | create_appointment","appointments:appointments.contact_id","collecting > confirming > booked > handed_off","explicit","whatsapp | instagram | messenger | telegram | web_widget","es | en | pt | fr","profile_execution_evidence_missing","not_run"
"salud/dental","cancel_appointment","true","business_identity | pipeline | faq_content | appointment_services | treatment_catalog","appointment_id:reference:tool","list_customer_appointments | cancel_appointment | get_appointment_details","appointments:appointments.contact_id","identifying > confirming > cancelled > handed_off","explicit","whatsapp | instagram | messenger | telegram | web_widget","es | en | pt | fr","profile_execution_evidence_missing","not_run"
"salud/dental","treatment_status","false","business_identity | pipeline | faq_content | appointment_services | treatment_catalog","patient_reference:reference:derived","get_treatment_plan | list_upcoming_sessions","","answered > not_found > handed_off","none","whatsapp | instagram | messenger | telegram | web_widget","es | en | pt | fr","profile_execution_evidence_missing","not_run"
"salud/dermatologia","ask_question","false","business_identity | pipeline | faq_content | appointment_services | treatment_catalog","question:text:customer","search_faqs | search_knowledge_base","","answered > not_found > handed_off","none","whatsapp | instagram | messenger | telegram | web_widget","es | en | pt | fr","profile_execution_evidence_missing","not_run"
"salud/dermatologia","book_appointment","true","business_identity | pipeline | faq_content | appointment_services | treatment_catalog","service_id:reference:tool | starts_at:datetime:customer | customer_name:text:customer","list_services | check_availability | create_appointment","appointments:appointments.contact_id","collecting > confirming > booked > handed_off","explicit","whatsapp | instagram | messenger | telegram | web_widget","es | en | pt | fr","profile_execution_evidence_missing","not_run"
"salud/dermatologia","cancel_appointment","true","business_identity | pipeline | faq_content | appointment_services | treatment_catalog","appointment_id:reference:tool","list_customer_appointments | cancel_appointment | get_appointment_details","appointments:appointments.contact_id","identifying > confirming > cancelled > handed_off","explicit","whatsapp | instagram | messenger | telegram | web_widget","es | en | pt | fr","profile_execution_evidence_missing","not_run"
"salud/dermatologia","treatment_status","false","business_identity | pipeline | faq_content | appointment_services | treatment_catalog","patient_reference:reference:derived","get_treatment_plan | list_upcoming_sessions","","answered > not_found > handed_off","none","whatsapp | instagram | messenger | telegram | web_widget","es | en | pt | fr","profile_execution_evidence_missing","not_run"
"salud/farmacia","ask_question","false","business_identity | pipeline | faq_content | catalog_items","question:text:customer","search_faqs | search_knowledge_base","","answered > not_found > handed_off","none","whatsapp | instagram | messenger | telegram | web_widget","es | en | pt | fr","profile_execution_evidence_missing","not_run"
"salud/farmacia","browse_catalog","false","business_identity | pipeline | faq_content | catalog_items","","search_products | get_product | check_stock","","listed > empty > handed_off","none","whatsapp | instagram | messenger | telegram | web_widget","es | en | pt | fr","profile_execution_evidence_missing","not_run"
"salud/farmacia","place_catalog_order","true","business_identity | pipeline | faq_content | catalog_items","items:reference:customer | customer_name:text:customer","get_product | check_stock | place_catalog_order | search_products","catalog_orders:orders.contact_id","collecting > confirming > ordered > handed_off","explicit","whatsapp | instagram | messenger | telegram | web_widget","es | en | pt | fr","positive_task_case_missing | profile_execution_evidence_missing","not_run"
"salud/medica_general","ask_question","false","business_identity | pipeline | faq_content | appointment_services","question:text:customer","search_faqs | search_knowledge_base","","answered > not_found > handed_off","none","whatsapp | instagram | messenger | telegram | web_widget","es | en | pt | fr","profile_execution_evidence_missing","not_run"
"salud/medica_general","book_appointment","true","business_identity | pipeline | faq_content | appointment_services","service_id:reference:tool | starts_at:datetime:customer | customer_name:text:customer","list_services | check_availability | create_appointment","appointments:appointments.contact_id","collecting > confirming > booked > handed_off","explicit","whatsapp | instagram | messenger | telegram | web_widget","es | en | pt | fr","profile_execution_evidence_missing","not_run"
"salud/medica_general","cancel_appointment","true","business_identity | pipeline | faq_content | appointment_services","appointment_id:reference:tool","list_customer_appointments | cancel_appointment | get_appointment_details","appointments:appointments.contact_id","identifying > confirming > cancelled > handed_off","explicit","whatsapp | instagram | messenger | telegram | web_widget","es | en | pt | fr","profile_execution_evidence_missing","not_run"
"salud/psicologia","ask_question","false","business_identity | pipeline | faq_content | appointment_services | treatment_catalog","question:text:customer","search_faqs | search_knowledge_base","","answered > not_found > handed_off","none","whatsapp | instagram | messenger | telegram | web_widget","es | en | pt | fr","profile_execution_evidence_missing","not_run"
"salud/psicologia","book_appointment","true","business_identity | pipeline | faq_content | appointment_services | treatment_catalog","service_id:reference:tool | starts_at:datetime:customer | customer_name:text:customer","list_services | check_availability | create_appointment","appointments:appointments.contact_id","collecting > confirming > booked > handed_off","explicit","whatsapp | instagram | messenger | telegram | web_widget","es | en | pt | fr","profile_execution_evidence_missing","not_run"
"salud/psicologia","cancel_appointment","true","business_identity | pipeline | faq_content | appointment_services | treatment_catalog","appointment_id:reference:tool","list_customer_appointments | cancel_appointment | get_appointment_details","appointments:appointments.contact_id","identifying > confirming > cancelled > handed_off","explicit","whatsapp | instagram | messenger | telegram | web_widget","es | en | pt | fr","profile_execution_evidence_missing","not_run"
"salud/psicologia","treatment_status","false","business_identity | pipeline | faq_content | appointment_services | treatment_catalog","patient_reference:reference:derived","get_treatment_plan | list_upcoming_sessions","","answered > not_found > handed_off","none","whatsapp | instagram | messenger | telegram | web_widget","es | en | pt | fr","profile_execution_evidence_missing","not_run"
"seguros/aseguradora","ask_question","false","business_identity | pipeline | faq_content | insurance_plans","question:text:customer","search_faqs | search_knowledge_base","","answered > not_found > handed_off","none","whatsapp | instagram | messenger | telegram | web_widget","es | en | pt | fr","profile_execution_evidence_missing","not_run"
"seguros/aseguradora","quote_policy","true","business_identity | pipeline | faq_content | insurance_plans","plan_id:reference:tool | risk_profile:text:customer | customer_name:text:customer","get_insurance_plans | calculate_quote","","collecting > quoted > handed_off","explicit","whatsapp | instagram | messenger | telegram | web_widget","es | en | pt | fr","effect_verifier_missing | positive_task_case_missing | profile_execution_evidence_missing","not_run"
"seguros/aseguradora","file_claim","true","business_identity | pipeline | faq_content | insurance_plans","policy_number:reference:derived | incident_description:text:customer","request_identity_code | verify_identity_code | check_policy_status | file_claim","","identifying > collecting > filed > handed_off","explicit","whatsapp | instagram | messenger | telegram | web_widget","es | en | pt | fr","effect_verifier_missing | positive_task_case_missing | profile_execution_evidence_missing","not_run"
"seguros/auto","ask_question","false","business_identity | pipeline | faq_content | insurance_plans","question:text:customer","search_faqs | search_knowledge_base","","answered > not_found > handed_off","none","whatsapp | instagram | messenger | telegram | web_widget","es | en | pt | fr","profile_execution_evidence_missing","not_run"
"seguros/auto","quote_policy","true","business_identity | pipeline | faq_content | insurance_plans","plan_id:reference:tool | risk_profile:text:customer | customer_name:text:customer","get_insurance_plans | calculate_quote","","collecting > quoted > handed_off","explicit","whatsapp | instagram | messenger | telegram | web_widget","es | en | pt | fr","effect_verifier_missing | positive_task_case_missing | profile_execution_evidence_missing","not_run"
"seguros/auto","file_claim","true","business_identity | pipeline | faq_content | insurance_plans","policy_number:reference:derived | incident_description:text:customer","request_identity_code | verify_identity_code | check_policy_status | file_claim","","identifying > collecting > filed > handed_off","explicit","whatsapp | instagram | messenger | telegram | web_widget","es | en | pt | fr","effect_verifier_missing | positive_task_case_missing | profile_execution_evidence_missing","not_run"
"seguros/broker","ask_question","false","business_identity | pipeline | faq_content | insurance_plans","question:text:customer","search_faqs | search_knowledge_base","","answered > not_found > handed_off","none","whatsapp | instagram | messenger | telegram | web_widget","es | en | pt | fr","profile_execution_evidence_missing","not_run"
"seguros/broker","quote_policy","true","business_identity | pipeline | faq_content | insurance_plans","plan_id:reference:tool | risk_profile:text:customer | customer_name:text:customer","get_insurance_plans | calculate_quote","","collecting > quoted > handed_off","explicit","whatsapp | instagram | messenger | telegram | web_widget","es | en | pt | fr","effect_verifier_missing | positive_task_case_missing | profile_execution_evidence_missing","not_run"
"seguros/broker","file_claim","true","business_identity | pipeline | faq_content | insurance_plans","policy_number:reference:derived | incident_description:text:customer","request_identity_code | verify_identity_code | check_policy_status | file_claim","","identifying > collecting > filed > handed_off","explicit","whatsapp | instagram | messenger | telegram | web_widget","es | en | pt | fr","effect_verifier_missing | positive_task_case_missing | profile_execution_evidence_missing","not_run"
"seguros/salud","ask_question","false","business_identity | pipeline | faq_content | insurance_plans","question:text:customer","search_faqs | search_knowledge_base","","answered > not_found > handed_off","none","whatsapp | instagram | messenger | telegram | web_widget","es | en | pt | fr","profile_execution_evidence_missing","not_run"
"seguros/salud","quote_policy","true","business_identity | pipeline | faq_content | insurance_plans","plan_id:reference:tool | risk_profile:text:customer | customer_name:text:customer","get_insurance_plans | calculate_quote","","collecting > quoted > handed_off","explicit","whatsapp | instagram | messenger | telegram | web_widget","es | en | pt | fr","effect_verifier_missing | positive_task_case_missing | profile_execution_evidence_missing","not_run"
"seguros/salud","file_claim","true","business_identity | pipeline | faq_content | insurance_plans","policy_number:reference:derived | incident_description:text:customer","request_identity_code | verify_identity_code | check_policy_status | file_claim","","identifying > collecting > filed > handed_off","explicit","whatsapp | instagram | messenger | telegram | web_widget","es | en | pt | fr","effect_verifier_missing | positive_task_case_missing | profile_execution_evidence_missing","not_run"
"seguros/vida","ask_question","false","business_identity | pipeline | faq_content | insurance_plans","question:text:customer","search_faqs | search_knowledge_base","","answered > not_found > handed_off","none","whatsapp | instagram | messenger | telegram | web_widget","es | en | pt | fr","profile_execution_evidence_missing","not_run"
"seguros/vida","quote_policy","true","business_identity | pipeline | faq_content | insurance_plans","plan_id:reference:tool | risk_profile:text:customer | customer_name:text:customer","get_insurance_plans | calculate_quote","","collecting > quoted > handed_off","explicit","whatsapp | instagram | messenger | telegram | web_widget","es | en | pt | fr","effect_verifier_missing | positive_task_case_missing | profile_execution_evidence_missing","not_run"
"seguros/vida","file_claim","true","business_identity | pipeline | faq_content | insurance_plans","policy_number:reference:derived | incident_description:text:customer","request_identity_code | verify_identity_code | check_policy_status | file_claim","","identifying > collecting > filed > handed_off","explicit","whatsapp | instagram | messenger | telegram | web_widget","es | en | pt | fr","effect_verifier_missing | positive_task_case_missing | profile_execution_evidence_missing","not_run"
"servicios_hogar/cerrajeria","ask_question","false","business_identity | pipeline | faq_content | service_catalog","question:text:customer","search_faqs | search_knowledge_base","","answered > not_found > handed_off","none","whatsapp | instagram | messenger | telegram | web_widget","es | en | pt | fr","profile_execution_evidence_missing","not_run"
"servicios_hogar/cerrajeria","request_service","true","business_identity | pipeline | faq_content | service_catalog","problem_description:text:customer | address:text:customer | starts_at:datetime:customer | customer_name:text:customer","create_service_request | check_request_status","service_requests:service_requests.contact_id","collecting > confirming > requested > handed_off","explicit","whatsapp | instagram | messenger | telegram | web_widget","es | en | pt | fr","positive_task_case_missing | profile_execution_evidence_missing","not_run"
"servicios_hogar/electricidad","ask_question","false","business_identity | pipeline | faq_content | service_catalog","question:text:customer","search_faqs | search_knowledge_base","","answered > not_found > handed_off","none","whatsapp | instagram | messenger | telegram | web_widget","es | en | pt | fr","profile_execution_evidence_missing","not_run"
"servicios_hogar/electricidad","request_service","true","business_identity | pipeline | faq_content | service_catalog","problem_description:text:customer | address:text:customer | starts_at:datetime:customer | customer_name:text:customer","create_service_request | check_request_status","service_requests:service_requests.contact_id","collecting > confirming > requested > handed_off","explicit","whatsapp | instagram | messenger | telegram | web_widget","es | en | pt | fr","positive_task_case_missing | profile_execution_evidence_missing","not_run"
"servicios_hogar/fumigacion","ask_question","false","business_identity | pipeline | faq_content | service_catalog","question:text:customer","search_faqs | search_knowledge_base","","answered > not_found > handed_off","none","whatsapp | instagram | messenger | telegram | web_widget","es | en | pt | fr","profile_execution_evidence_missing","not_run"
"servicios_hogar/fumigacion","request_service","true","business_identity | pipeline | faq_content | service_catalog","problem_description:text:customer | address:text:customer | starts_at:datetime:customer | customer_name:text:customer","create_service_request | check_request_status","service_requests:service_requests.contact_id","collecting > confirming > requested > handed_off","explicit","whatsapp | instagram | messenger | telegram | web_widget","es | en | pt | fr","positive_task_case_missing | profile_execution_evidence_missing","not_run"
"servicios_hogar/jardineria","ask_question","false","business_identity | pipeline | faq_content | service_catalog","question:text:customer","search_faqs | search_knowledge_base","","answered > not_found > handed_off","none","whatsapp | instagram | messenger | telegram | web_widget","es | en | pt | fr","profile_execution_evidence_missing","not_run"
"servicios_hogar/jardineria","request_service","true","business_identity | pipeline | faq_content | service_catalog","problem_description:text:customer | address:text:customer | starts_at:datetime:customer | customer_name:text:customer","create_service_request | check_request_status","service_requests:service_requests.contact_id","collecting > confirming > requested > handed_off","explicit","whatsapp | instagram | messenger | telegram | web_widget","es | en | pt | fr","positive_task_case_missing | profile_execution_evidence_missing","not_run"
"servicios_hogar/limpieza","ask_question","false","business_identity | pipeline | faq_content | service_catalog","question:text:customer","search_faqs | search_knowledge_base","","answered > not_found > handed_off","none","whatsapp | instagram | messenger | telegram | web_widget","es | en | pt | fr","profile_execution_evidence_missing","not_run"
"servicios_hogar/limpieza","request_service","true","business_identity | pipeline | faq_content | service_catalog","problem_description:text:customer | address:text:customer | starts_at:datetime:customer | customer_name:text:customer","create_service_request | check_request_status","service_requests:service_requests.contact_id","collecting > confirming > requested > handed_off","explicit","whatsapp | instagram | messenger | telegram | web_widget","es | en | pt | fr","positive_task_case_missing | profile_execution_evidence_missing","not_run"
"servicios_hogar/pintura","ask_question","false","business_identity | pipeline | faq_content | service_catalog","question:text:customer","search_faqs | search_knowledge_base","","answered > not_found > handed_off","none","whatsapp | instagram | messenger | telegram | web_widget","es | en | pt | fr","profile_execution_evidence_missing","not_run"
"servicios_hogar/pintura","request_service","true","business_identity | pipeline | faq_content | service_catalog","problem_description:text:customer | address:text:customer | starts_at:datetime:customer | customer_name:text:customer","create_service_request | check_request_status","service_requests:service_requests.contact_id","collecting > confirming > requested > handed_off","explicit","whatsapp | instagram | messenger | telegram | web_widget","es | en | pt | fr","positive_task_case_missing | profile_execution_evidence_missing","not_run"
"servicios_hogar/plomeria","ask_question","false","business_identity | pipeline | faq_content | service_catalog","question:text:customer","search_faqs | search_knowledge_base","","answered > not_found > handed_off","none","whatsapp | instagram | messenger | telegram | web_widget","es | en | pt | fr","profile_execution_evidence_missing","not_run"
"servicios_hogar/plomeria","request_service","true","business_identity | pipeline | faq_content | service_catalog","problem_description:text:customer | address:text:customer | starts_at:datetime:customer | customer_name:text:customer","create_service_request | check_request_status","service_requests:service_requests.contact_id","collecting > confirming > requested > handed_off","explicit","whatsapp | instagram | messenger | telegram | web_widget","es | en | pt | fr","positive_task_case_missing | profile_execution_evidence_missing","not_run"
"servicios_profesionales/abogados","ask_question","false","business_identity | pipeline | faq_content | appointment_services | professional_cases","question:text:customer","search_faqs | search_knowledge_base","","answered > not_found > handed_off","none","whatsapp | instagram | messenger | telegram | web_widget","es | en | pt | fr","profile_execution_evidence_missing","not_run"
"servicios_profesionales/abogados","book_appointment","true","business_identity | pipeline | faq_content | appointment_services | professional_cases","service_id:reference:tool | starts_at:datetime:customer | customer_name:text:customer","list_services | check_availability | create_appointment","appointments:appointments.contact_id","collecting > confirming > booked > handed_off","explicit","whatsapp | instagram | messenger | telegram | web_widget","es | en | pt | fr","profile_execution_evidence_missing","not_run"
"servicios_profesionales/abogados","cancel_appointment","true","business_identity | pipeline | faq_content | appointment_services | professional_cases","appointment_id:reference:tool","list_customer_appointments | cancel_appointment | get_appointment_details","appointments:appointments.contact_id","identifying > confirming > cancelled > handed_off","explicit","whatsapp | instagram | messenger | telegram | web_widget","es | en | pt | fr","profile_execution_evidence_missing","not_run"
"servicios_profesionales/abogados","case_status","false","business_identity | pipeline | faq_content | appointment_services | professional_cases","case_reference:reference:derived","get_case_status","","answered > not_found > handed_off","none","whatsapp | instagram | messenger | telegram | web_widget","es | en | pt | fr","profile_execution_evidence_missing","not_run"
"servicios_profesionales/arquitectos","ask_question","false","business_identity | pipeline | faq_content | appointment_services | professional_cases","question:text:customer","search_faqs | search_knowledge_base","","answered > not_found > handed_off","none","whatsapp | instagram | messenger | telegram | web_widget","es | en | pt | fr","profile_execution_evidence_missing","not_run"
"servicios_profesionales/arquitectos","book_appointment","true","business_identity | pipeline | faq_content | appointment_services | professional_cases","service_id:reference:tool | starts_at:datetime:customer | customer_name:text:customer","list_services | check_availability | create_appointment","appointments:appointments.contact_id","collecting > confirming > booked > handed_off","explicit","whatsapp | instagram | messenger | telegram | web_widget","es | en | pt | fr","profile_execution_evidence_missing","not_run"
"servicios_profesionales/arquitectos","cancel_appointment","true","business_identity | pipeline | faq_content | appointment_services | professional_cases","appointment_id:reference:tool","list_customer_appointments | cancel_appointment | get_appointment_details","appointments:appointments.contact_id","identifying > confirming > cancelled > handed_off","explicit","whatsapp | instagram | messenger | telegram | web_widget","es | en | pt | fr","profile_execution_evidence_missing","not_run"
"servicios_profesionales/arquitectos","case_status","false","business_identity | pipeline | faq_content | appointment_services | professional_cases","case_reference:reference:derived","get_case_status","","answered > not_found > handed_off","none","whatsapp | instagram | messenger | telegram | web_widget","es | en | pt | fr","profile_execution_evidence_missing","not_run"
"servicios_profesionales/consultores","ask_question","false","business_identity | pipeline | faq_content | appointment_services | professional_cases","question:text:customer","search_faqs | search_knowledge_base","","answered > not_found > handed_off","none","whatsapp | instagram | messenger | telegram | web_widget","es | en | pt | fr","profile_execution_evidence_missing","not_run"
"servicios_profesionales/consultores","book_appointment","true","business_identity | pipeline | faq_content | appointment_services | professional_cases","service_id:reference:tool | starts_at:datetime:customer | customer_name:text:customer","list_services | check_availability | create_appointment","appointments:appointments.contact_id","collecting > confirming > booked > handed_off","explicit","whatsapp | instagram | messenger | telegram | web_widget","es | en | pt | fr","profile_execution_evidence_missing","not_run"
"servicios_profesionales/consultores","cancel_appointment","true","business_identity | pipeline | faq_content | appointment_services | professional_cases","appointment_id:reference:tool","list_customer_appointments | cancel_appointment | get_appointment_details","appointments:appointments.contact_id","identifying > confirming > cancelled > handed_off","explicit","whatsapp | instagram | messenger | telegram | web_widget","es | en | pt | fr","profile_execution_evidence_missing","not_run"
"servicios_profesionales/consultores","case_status","false","business_identity | pipeline | faq_content | appointment_services | professional_cases","case_reference:reference:derived","get_case_status","","answered > not_found > handed_off","none","whatsapp | instagram | messenger | telegram | web_widget","es | en | pt | fr","profile_execution_evidence_missing","not_run"
"servicios_profesionales/contadores","ask_question","false","business_identity | pipeline | faq_content | appointment_services | professional_cases","question:text:customer","search_faqs | search_knowledge_base","","answered > not_found > handed_off","none","whatsapp | instagram | messenger | telegram | web_widget","es | en | pt | fr","profile_execution_evidence_missing","not_run"
"servicios_profesionales/contadores","book_appointment","true","business_identity | pipeline | faq_content | appointment_services | professional_cases","service_id:reference:tool | starts_at:datetime:customer | customer_name:text:customer","list_services | check_availability | create_appointment","appointments:appointments.contact_id","collecting > confirming > booked > handed_off","explicit","whatsapp | instagram | messenger | telegram | web_widget","es | en | pt | fr","profile_execution_evidence_missing","not_run"
"servicios_profesionales/contadores","cancel_appointment","true","business_identity | pipeline | faq_content | appointment_services | professional_cases","appointment_id:reference:tool","list_customer_appointments | cancel_appointment | get_appointment_details","appointments:appointments.contact_id","identifying > confirming > cancelled > handed_off","explicit","whatsapp | instagram | messenger | telegram | web_widget","es | en | pt | fr","profile_execution_evidence_missing","not_run"
"servicios_profesionales/contadores","case_status","false","business_identity | pipeline | faq_content | appointment_services | professional_cases","case_reference:reference:derived","get_case_status","","answered > not_found > handed_off","none","whatsapp | instagram | messenger | telegram | web_widget","es | en | pt | fr","profile_execution_evidence_missing","not_run"
"technology/desarrollo","ask_question","false","business_identity | pipeline | faq_content | appointment_services","question:text:customer","search_faqs | search_knowledge_base","","answered > not_found > handed_off","none","whatsapp | instagram | messenger | telegram | web_widget","es | en | pt | fr","profile_execution_evidence_missing","not_run"
"technology/desarrollo","book_appointment","true","business_identity | pipeline | faq_content | appointment_services","service_id:reference:tool | starts_at:datetime:customer | customer_name:text:customer","list_services | check_availability | create_appointment","appointments:appointments.contact_id","collecting > confirming > booked > handed_off","explicit","whatsapp | instagram | messenger | telegram | web_widget","es | en | pt | fr","profile_execution_evidence_missing","not_run"
"technology/desarrollo","cancel_appointment","true","business_identity | pipeline | faq_content | appointment_services","appointment_id:reference:tool","list_customer_appointments | cancel_appointment | get_appointment_details","appointments:appointments.contact_id","identifying > confirming > cancelled > handed_off","explicit","whatsapp | instagram | messenger | telegram | web_widget","es | en | pt | fr","profile_execution_evidence_missing","not_run"
"technology/hardware","ask_question","false","business_identity | pipeline | faq_content | catalog_items","question:text:customer","search_faqs | search_knowledge_base","","answered > not_found > handed_off","none","whatsapp | instagram | messenger | telegram | web_widget","es | en | pt | fr","profile_execution_evidence_missing","not_run"
"technology/hardware","browse_catalog","false","business_identity | pipeline | faq_content | catalog_items","","search_products | get_product | check_stock","","listed > empty > handed_off","none","whatsapp | instagram | messenger | telegram | web_widget","es | en | pt | fr","profile_execution_evidence_missing","not_run"
"technology/hardware","place_catalog_order","true","business_identity | pipeline | faq_content | catalog_items","items:reference:customer | customer_name:text:customer","get_product | check_stock | place_catalog_order | search_products","catalog_orders:orders.contact_id","collecting > confirming > ordered > handed_off","explicit","whatsapp | instagram | messenger | telegram | web_widget","es | en | pt | fr","positive_task_case_missing | profile_execution_evidence_missing","not_run"
"technology/saas","ask_question","false","business_identity | pipeline | faq_content | appointment_services","question:text:customer","search_faqs | search_knowledge_base","","answered > not_found > handed_off","none","whatsapp | instagram | messenger | telegram | web_widget","es | en | pt | fr","profile_execution_evidence_missing","not_run"
"technology/saas","book_appointment","true","business_identity | pipeline | faq_content | appointment_services","service_id:reference:tool | starts_at:datetime:customer | customer_name:text:customer","list_services | check_availability | create_appointment","appointments:appointments.contact_id","collecting > confirming > booked > handed_off","explicit","whatsapp | instagram | messenger | telegram | web_widget","es | en | pt | fr","profile_execution_evidence_missing","not_run"
"technology/saas","cancel_appointment","true","business_identity | pipeline | faq_content | appointment_services","appointment_id:reference:tool","list_customer_appointments | cancel_appointment | get_appointment_details","appointments:appointments.contact_id","identifying > confirming > cancelled > handed_off","explicit","whatsapp | instagram | messenger | telegram | web_widget","es | en | pt | fr","profile_execution_evidence_missing","not_run"
"technology/soporte_ti_msp","ask_question","false","business_identity | pipeline | faq_content","question:text:customer","search_faqs | search_knowledge_base","","answered > not_found > handed_off","none","whatsapp | instagram | messenger | telegram | web_widget","es | en | pt | fr","profile_execution_evidence_missing","not_run"
"turismo/agencia_viajes","ask_question","false","business_identity | pipeline | faq_content | tour_packages","question:text:customer","search_faqs | search_knowledge_base","","answered > not_found > handed_off","none","whatsapp | instagram | messenger | telegram | web_widget","es | en | pt | fr","profile_execution_evidence_missing","not_run"
"turismo/agencia_viajes","book_tour","true","business_identity | pipeline | faq_content | tour_packages","package_id:reference:tool | starts_at:datetime:customer | travellers:number:customer | customer_name:text:customer","search_packages | check_package_availability | create_tour_booking | get_package_details","tour_bookings:tour_bookings.contact_id","collecting > confirming > booked > handed_off","explicit","whatsapp | instagram | messenger | telegram | web_widget","es | en | pt | fr","positive_task_case_missing | profile_execution_evidence_missing","not_run"
"turismo/alquiler_vacacional","ask_question","false","business_identity | pipeline | faq_content | properties","question:text:customer","search_faqs | search_knowledge_base","","answered > not_found > handed_off","none","whatsapp | instagram | messenger | telegram | web_widget","es | en | pt | fr","profile_execution_evidence_missing","not_run"
"turismo/alquiler_vacacional","book_stay","true","business_identity | pipeline | faq_content | properties","property_id:reference:tool | check_in:date:customer | check_out:date:customer | guests:number:customer | customer_name:text:customer","list_properties | check_property_availability | create_property_booking","property_bookings:property_bookings.contact_id","collecting > confirming > booked > handed_off","explicit","whatsapp | instagram | messenger | telegram | web_widget","es | en | pt | fr","positive_task_case_missing | profile_execution_evidence_missing","not_run"
"turismo/alquiler_vacacional","stay_logistics","false","business_identity | pipeline | faq_content | properties","","get_property_details | list_my_property_bookings | get_check_in_instructions","","answered > not_found > handed_off","none","whatsapp | instagram | messenger | telegram | web_widget","es | en | pt | fr","profile_execution_evidence_missing","not_run"
"turismo/hotel","ask_question","false","business_identity | pipeline | faq_content | properties","question:text:customer","search_faqs | search_knowledge_base","","answered > not_found > handed_off","none","whatsapp | instagram | messenger | telegram | web_widget","es | en | pt | fr","profile_execution_evidence_missing","not_run"
"turismo/hotel","book_stay","true","business_identity | pipeline | faq_content | properties","property_id:reference:tool | check_in:date:customer | check_out:date:customer | guests:number:customer | customer_name:text:customer","list_properties | check_property_availability | create_property_booking","property_bookings:property_bookings.contact_id","collecting > confirming > booked > handed_off","explicit","whatsapp | instagram | messenger | telegram | web_widget","es | en | pt | fr","positive_task_case_missing | profile_execution_evidence_missing","not_run"
"turismo/hotel","stay_logistics","false","business_identity | pipeline | faq_content | properties","","get_property_details | list_my_property_bookings | get_check_in_instructions","","answered > not_found > handed_off","none","whatsapp | instagram | messenger | telegram | web_widget","es | en | pt | fr","profile_execution_evidence_missing","not_run"
"turismo/tours","ask_question","false","business_identity | pipeline | faq_content | tour_packages","question:text:customer","search_faqs | search_knowledge_base","","answered > not_found > handed_off","none","whatsapp | instagram | messenger | telegram | web_widget","es | en | pt | fr","profile_execution_evidence_missing","not_run"
"turismo/tours","book_tour","true","business_identity | pipeline | faq_content | tour_packages","package_id:reference:tool | starts_at:datetime:customer | travellers:number:customer | customer_name:text:customer","search_packages | check_package_availability | create_tour_booking | get_package_details","tour_bookings:tour_bookings.contact_id","collecting > confirming > booked > handed_off","explicit","whatsapp | instagram | messenger | telegram | web_widget","es | en | pt | fr","positive_task_case_missing | profile_execution_evidence_missing","not_run"
"veterinaria/clinica_general","ask_question","false","business_identity | pipeline | faq_content | appointment_services | pets","question:text:customer","search_faqs | search_knowledge_base","","answered > not_found > handed_off","none","whatsapp | instagram | messenger | telegram | web_widget","es | en | pt | fr","profile_execution_evidence_missing","not_run"
"veterinaria/clinica_general","book_appointment","true","business_identity | pipeline | faq_content | appointment_services | pets","service_id:reference:tool | starts_at:datetime:customer | customer_name:text:customer","list_services | check_availability | create_appointment","appointments:appointments.contact_id","collecting > confirming > booked > handed_off","explicit","whatsapp | instagram | messenger | telegram | web_widget","es | en | pt | fr","profile_execution_evidence_missing","not_run"
"veterinaria/clinica_general","cancel_appointment","true","business_identity | pipeline | faq_content | appointment_services | pets","appointment_id:reference:tool","list_customer_appointments | cancel_appointment | get_appointment_details","appointments:appointments.contact_id","identifying > confirming > cancelled > handed_off","explicit","whatsapp | instagram | messenger | telegram | web_widget","es | en | pt | fr","profile_execution_evidence_missing","not_run"
"veterinaria/clinica_general","register_pet","true","business_identity | pipeline | faq_content | appointment_services | pets","pet_name:text:customer | species:enum:customer","list_pets_for_contact | register_pet | update_pet","","collecting > registered > handed_off","explicit","whatsapp | instagram | messenger | telegram | web_widget","es | en | pt | fr","effect_verifier_missing | positive_task_case_missing | profile_execution_evidence_missing","not_run"
"veterinaria/clinica_general","pet_emergency","false","business_identity | pipeline | faq_content | appointment_services | pets","symptoms:text:customer","triage_pet_emergency","","triaged > handed_off","none","whatsapp | instagram | messenger | telegram | web_widget","es | en | pt | fr","profile_execution_evidence_missing","not_run"
"veterinaria/exoticos","ask_question","false","business_identity | pipeline | faq_content | appointment_services | pets","question:text:customer","search_faqs | search_knowledge_base","","answered > not_found > handed_off","none","whatsapp | instagram | messenger | telegram | web_widget","es | en | pt | fr","profile_execution_evidence_missing","not_run"
"veterinaria/exoticos","book_appointment","true","business_identity | pipeline | faq_content | appointment_services | pets","service_id:reference:tool | starts_at:datetime:customer | customer_name:text:customer","list_services | check_availability | create_appointment","appointments:appointments.contact_id","collecting > confirming > booked > handed_off","explicit","whatsapp | instagram | messenger | telegram | web_widget","es | en | pt | fr","profile_execution_evidence_missing","not_run"
"veterinaria/exoticos","cancel_appointment","true","business_identity | pipeline | faq_content | appointment_services | pets","appointment_id:reference:tool","list_customer_appointments | cancel_appointment | get_appointment_details","appointments:appointments.contact_id","identifying > confirming > cancelled > handed_off","explicit","whatsapp | instagram | messenger | telegram | web_widget","es | en | pt | fr","profile_execution_evidence_missing","not_run"
"veterinaria/exoticos","register_pet","true","business_identity | pipeline | faq_content | appointment_services | pets","pet_name:text:customer | species:enum:customer","list_pets_for_contact | register_pet | update_pet","","collecting > registered > handed_off","explicit","whatsapp | instagram | messenger | telegram | web_widget","es | en | pt | fr","effect_verifier_missing | positive_task_case_missing | profile_execution_evidence_missing","not_run"
"veterinaria/exoticos","pet_emergency","false","business_identity | pipeline | faq_content | appointment_services | pets","symptoms:text:customer","triage_pet_emergency","","triaged > handed_off","none","whatsapp | instagram | messenger | telegram | web_widget","es | en | pt | fr","profile_execution_evidence_missing","not_run"
"veterinaria/hospital_24h","ask_question","false","business_identity | pipeline | faq_content | appointment_services | pets","question:text:customer","search_faqs | search_knowledge_base","","answered > not_found > handed_off","none","whatsapp | instagram | messenger | telegram | web_widget","es | en | pt | fr","profile_execution_evidence_missing","not_run"
"veterinaria/hospital_24h","book_appointment","true","business_identity | pipeline | faq_content | appointment_services | pets","service_id:reference:tool | starts_at:datetime:customer | customer_name:text:customer","list_services | check_availability | create_appointment","appointments:appointments.contact_id","collecting > confirming > booked > handed_off","explicit","whatsapp | instagram | messenger | telegram | web_widget","es | en | pt | fr","profile_execution_evidence_missing","not_run"
"veterinaria/hospital_24h","cancel_appointment","true","business_identity | pipeline | faq_content | appointment_services | pets","appointment_id:reference:tool","list_customer_appointments | cancel_appointment | get_appointment_details","appointments:appointments.contact_id","identifying > confirming > cancelled > handed_off","explicit","whatsapp | instagram | messenger | telegram | web_widget","es | en | pt | fr","profile_execution_evidence_missing","not_run"
"veterinaria/hospital_24h","register_pet","true","business_identity | pipeline | faq_content | appointment_services | pets","pet_name:text:customer | species:enum:customer","list_pets_for_contact | register_pet | update_pet","","collecting > registered > handed_off","explicit","whatsapp | instagram | messenger | telegram | web_widget","es | en | pt | fr","effect_verifier_missing | positive_task_case_missing | profile_execution_evidence_missing","not_run"
"veterinaria/hospital_24h","pet_emergency","false","business_identity | pipeline | faq_content | appointment_services | pets","symptoms:text:customer","triage_pet_emergency","","triaged > handed_off","none","whatsapp | instagram | messenger | telegram | web_widget","es | en | pt | fr","profile_execution_evidence_missing","not_run"
